{
  "Author": "Tarkin",
  "Name": "TTK Tarkin",
  "Punchline": "Plugin que calcula y muestra el tiempo estimado para matar enemigos (TTK) basado en el daño en tiempo real.",
  "Description": "Plugin que calcula y muestra el tiempo estimado para matar enemigos (TTK) basado en el daño en tiempo real. Incluye tracking de DPS, visualización configurable y filtros avanzados para optimizar tu experiencia de combate en Final Fantasy XIV.",
  "InternalName": "TTK_Tarkin",
  "AssemblyVersion": "1.0.1.0",
  "TestingAssemblyVersion": "1.0.1.0",
  "RepoUrl": "https://github.com/Tarkiin/FF14",
  "ApplicableVersion": "any",
  "CategoryTags": ["utility", "combat"],
  "DalamudApiLevel": 13,
  "LoadRequiredState": 0,
  "LoadSync": false,
  "CanUnloadAsync": true,
  "LoadPriority": 0,
  "ImageUrls": [],
  "IconUrl": "",
  "AcceptsFeedback": true
}