{
  "Author": "Tarkin",
  "Name": "TTK Tarkin",
  "Punchline": "Plugin que calcula y muestra el tiempo estimado para matar enemigos (TTK) basado en el daño en tiempo real.",
  "Description": "Plugin que calcula y muestra el tiempo estimado para matar enemigos (TTK) basado en el daño en tiempo real. Incluye tracking de DPS, visualización configurable y filtros avanzados para optimizar tu experiencia de combate en Final Fantasy XIV.",
  "InternalName": "TTK_Tarkin",
  "AssemblyVersion": "0.0.0.6",
  "TestingAssemblyVersion": "0.0.0.6",
  "RepoUrl": "https://github.com/Tarkiin/FF14",
  "ApplicableVersion": "any",
  "CategoryTags": ["utility", "combat"],
  "DalamudApiLevel": 13,
  "LoadRequiredState": 0,
  "LoadSync": false,
  "CanUnloadAsync": true,
  "LoadPriority": 0,
  "ImageUrls": [
    "https://raw.githubusercontent.com/Tarkiin/FF14/main/TTK_Tarkin/images/image1.png"
  ],
  "IconUrl": "https://raw.githubusercontent.com/Tarkiin/FF14/main/TTK_Tarkin/images/icon.png",
  "AcceptsFeedback": true
}