{
  "Author": "Tarkin",
  "Name": "PartyJobShare_Tarkin",
  "Punchline": "Comparte y visualiza jobs de party en tiempo real",
  "Description": "Permite a los miembros de la party seleccionar manualmente su job y compartirlo en tiempo real con todos los miembros, incluso en mapas diferentes.",
  "InternalName": "PartyJobShare_Tarkin",
  "AssemblyVersion": "1.0.0.0",
  "TestingAssemblyVersion": "1.0.0.0",
  "RepoUrl": "https://github.com/TarkinFF14/PartyJobShare",
  "ApplicableVersion": "any",
  "Tags": [
    "party",
    "jobs",
    "communication",
    "utility"
  ],
  "DalamudApiLevel": 13,
  "LoadRequiredState": 0,
  "LoadSync": false,
  "CanUnloadAsync": true,
  "LoadPriority": 0,
  "IconUrl": "",
  "ImageUrls": [],
  "AcceptsFeedback": true
}